{"system":{"emitters":[{"bounce":0.009999999776482582,"collision":"bounce","color_fraction":1.0,"default_particle":[0.250,0.250],"depth":[10.0,5.50],"diffuse":"$GAME_DATA/Particles/Textures/Smoke/smoke_animated01_nor.tga","direction_type":"object","duration":5.0,"effects":[{"animation":"sheet","end_texture_coords_range":32,"fps":30,"guid":1,"name":"TextureAnimator","repeat":true,"toggle":false},{"control_point":[[0.0,[0.6327900000000001,0.6327900000000001,0.6327900000000001,0.0]],[0.194360,[0.7851300000000001,0.7851300000000001,0.7851300000000001,0.26170]],[1.0,[0.6132500000000001,0.6132500000000001,0.6132500000000001,0.0]]],"guid":2,"name":"Color","toggle":false},{"base_scale":0.20,"control_point":[[0.0,0.20],[1.0,0.3999800000000001]],"guid":3,"max_scale":0.40,"name":"Scale","toggle":false}],"emission_mode":"burst","emission_rate":10,"force_vector":[0.0,0.0,1.0],"friction":[1.50,0.40],"guid":0,"height":[10.0,5.50],"keep_local":false,"max_particles":2000,"name":"Smoke","normal":true,"normal_range":0.40,"params":2,"rotation":[0.0,360.0],"rotation_axis":[1.0,0.0,0.0],"scene_blend":"alpha_blend","shadows":true,"soft_particles_bias":1024,"tiles":[4,8],"time_to_live":[4.0,1.0],"width":[10.0,5.50],"z_offset":0.20}]}}
